Cell,Type,Axis,Mean,Std (Noise),Threshold (3xStd)
01,Raw,X,33089.40701176858,2.334869358712268,7.004608076136805
01,Raw,Y,33188.05869475763,2.746833610276991,8.240500830830973
01,Raw,Z,37901.65997860258,7.189962202486879,21.56988660746064
01,Force,X,-0.022171124845691708,0.0046696749860379696,0.01400902495811391
01,Force,Y,-0.024361458809974493,0.004847261413799438,0.014541784241398313
01,Force,Z,0.021244869722656573,0.008304773426319674,0.02491432027895902
02,Raw,X,32851.8741502757,2.164513697765736,6.493541093297209
02,Raw,Y,33374.48088223192,3.4649865828736632,10.39495974862099
02,Raw,Z,37401.57448769649,7.3790983329103925,22.13729499873118
02,Force,X,-0.009677042877129456,0.004108613305483238,0.012325839916449715
02,Force,Y,-0.020115007159904535,0.0047004162502309425,0.014101248750692828
02,Force,Z,0.0022226536087564808,0.0069592395832685245,0.020877718749805575
03,Raw,X,32768.912270595014,1.947175801410057,5.841527404230171
03,Raw,Y,33183.638219076616,4.090130927744443,12.27039278323333
03,Raw,Z,37521.998337585384,5.003183685522731,15.009551056568192
03,Force,X,-0.019387877376347624,0.0033844119161161035,0.01015323574834831
03,Force,Y,-0.016713385400378568,0.005363075875565191,0.01608922762669557
03,Force,Z,0.009001288782816228,0.0045633611834898355,0.013690083550469506
04,Raw,X,32398.090692124104,2.708204115186934,8.124612345560802
04,Raw,Y,33271.57509669986,4.363846886505161,13.091540659515484
04,Raw,Z,37710.06093325652,5.469196609155617,16.40758982746685
04,Force,X,0.00020994617726936043,0.003743483395851599,0.011230450187554798
04,Force,Y,-0.028529184264669574,0.006442147008286612,0.019326441024859836
04,Force,Z,-0.00499909538309604,0.005713178104213977,0.01713953431264193
05,Raw,X,33265.82791539791,2.0097118099764923,6.029135429929477
05,Raw,Y,32776.928680767014,2.5533642620931043,7.6600927862793124
05,Raw,Z,37494.657295695826,6.171773248387336,18.51531974516201
05,Force,X,-0.03505034779030533,0.004053059112715829,0.012159177338147488
05,Force,Y,-0.02854752662332319,0.005854569103932944,0.017563707311798835
05,Force,Z,0.03036387046333635,0.0063467544116694845,0.019040263235008452
06,Raw,X,32849.637099827174,2.28143322666361,6.844299679990829
06,Raw,Y,32778.441988313716,2.617971673347943,7.853915020043829
06,Raw,Z,37033.87150028804,5.1167811978164774,15.350343593449432
06,Force,X,-0.009182656736071106,0.004580226105065473,0.01374067831519642
06,Force,Y,-0.02728068027322854,0.005535326002419519,0.016605978007258555
06,Force,Z,0.0041938110443584895,0.005962772705992736,0.01788831811797821
07,Raw,X,32827.57007653691,2.0029622166618894,6.008886649985668
07,Raw,Y,32861.82977532713,2.9733913857143124,8.920174157142938
07,Raw,Z,37111.40378569665,4.879366309168921,14.638098927506762
07,Force,X,-0.011266596987902232,0.003214100404734365,0.009642301214203095
07,Force,Y,-0.015362711217183772,0.00526295835986795,0.015788875079603852
07,Force,Z,0.006938842728993498,0.004701148740685289,0.014103446222055865
08,Raw,X,32133.329520204097,2.8272659269955462,8.48179778098664
08,Raw,Y,32826.826006090036,2.5581356835060745,7.674407050518223
08,Raw,Z,37317.36102378405,5.846413669244192,17.539241007732574
08,Force,X,-0.0007694053164348615,0.0038554164023806184,0.011566249207141855
08,Force,Y,-0.022249664060571148,0.004790568934554418,0.014371706803663252
08,Force,Z,0.01934980429594272,0.005658828971316728,0.016976486913950185
09,Raw,X,33336.264274545305,2.2101124471419604,6.630337341425881
09,Raw,Y,32770.4325899103,2.504072700588258,7.512218101764773
09,Raw,Z,37429.269047814996,7.453308086719709,22.359924260159126
09,Force,X,-0.03303228030614764,0.004058287765380172,0.012174863296140516
09,Force,Y,-0.032989111184264674,0.005488317037700162,0.016464951113100486
09,Force,Z,0.01573216525388857,0.007928249706514234,0.023784749119542703
10,Raw,X,32947.383013743725,2.1937810323324074,6.581343096997222
10,Raw,Y,32640.2,2.361998469779649,7.085995409338946
10,Raw,Z,36885.754851452555,5.984140243119819,17.95242072935946
10,Force,X,-0.009888691794913999,0.003750950920075752,0.011252852760227257
10,Force,Y,-0.013323349353962637,0.004110704364620269,0.012332113093860807
10,Force,Z,0.02064939000905275,0.006058201616876319,0.018174604850628957
11,Raw,X,32757.091630318493,1.9222334150466065,5.76670024513982
11,Raw,Y,32803.28850300387,2.5757417935575506,7.727225380672651
11,Raw,Z,37064.144597152495,5.564287757855349,16.692863273566047
11,Force,X,-0.011875805448111267,0.0031627078031639757,0.009488123409491928
11,Force,Y,-0.02852300732450004,0.004567190264520487,0.01370157079356146
11,Force,Z,0.015239296025018516,0.006016475063741985,0.018049425191225956
12,Raw,X,32211.249905357585,2.6981461917712752,8.094438575313825
12,Raw,Y,32825.71597399391,2.583219528027329,7.749658584081987
12,Raw,Z,37516.576578059416,6.26455637164658,18.79366911493974
12,Force,X,-0.006124308781170273,0.004018584368327441,0.012055753104982324
12,Force,Y,-0.024064514854744465,0.004895475822960282,0.014686427468880846
12,Force,Z,0.02313613661427043,0.0071677046125530304,0.021503113837659092
13,Raw,X,33179.623323183274,2.291180991885922,6.873542975657767
13,Raw,Y,32233.268603407127,2.7411799589871273,8.223539876961382
13,Raw,Z,37148.348744959265,12.115122466535547,36.345367399606644
13,Force,X,-0.017429997037280882,0.0035709544549210968,0.01071286336476329
13,Force,Y,-0.016659132087893998,0.0036624472459986447,0.010987341737995935
13,Force,Z,0.010259308863468028,0.013049743384746274,0.03914923015423882
14,Raw,X,32860.938293144594,2.3682787971974792,7.104836391592437
14,Raw,Y,32581.685507365648,3.760591453882534,11.281774361647603
14,Raw,Z,37190.090033742075,11.92485988308631,35.774579649258925
14,Force,X,-0.0220167270183524,0.004598829410798616,0.013796488232395848
14,Force,Y,-0.027880939181960336,0.004835057381900158,0.014505172145700473
14,Force,Z,0.01167586387951609,0.013682690157419427,0.04104807047225828
15,Raw,X,32810.032227800184,2.2109244113258293,6.632773233977488
15,Raw,Y,32457.939527610895,5.006191354589243,15.018574063767728
15,Raw,Z,37446.979030532464,10.294694276097337,30.88408282829201
15,Force,X,-0.008532327874249034,0.004709264096346992,0.014127792289040977
15,Force,Y,-0.02346482412970126,0.006755327732738301,0.020265983198214904
15,Force,Z,0.006554095136202781,0.010887936954947275,0.032663810864841825
16,Raw,X,32301.885128795984,2.4154031679668164,7.246209503900449
16,Raw,Y,32423.801975146078,3.2472245448484975,9.741673634545492
16,Raw,Z,37666.08583655666,7.76365094341862,23.29095283025586
16,Force,X,-0.003592044769977779,0.003718421326713253,0.01115526398013976
16,Force,Y,-0.019502697884947743,0.004612297415163532,0.013836892245490595
16,Force,Z,0.009713598057773025,0.008033272403439382,0.024099817210318147
GLOBAL,Raw,X,32786.819783351166,2.3016737420827478,6.905021226248243
GLOBAL,Raw,Y,32812.38200148136,3.225860319491249,9.677580958473747
GLOBAL,Raw,Z,37364.989753929716,7.500574881415553,22.50172464424666
GLOBAL,Force,X,-0.013736705548926016,0.003979216259206121,0.011937648777618362
GLOBAL,Force,Y,-0.02309794961320055,0.005165717695152131,0.015497153085456395
GLOBAL,Force,Z,0.012579743693934652,0.008017685422995335,0.024053056268986003
